,cosine_similarity,dissimilarity,base_rate,base_rate_diff,FFR,ko-us_gap,governor,president,tr1,tr2
1999-01-07,,,,,4.75,,전철환,김대중,,
1999-02-04,0.7279401698395885,0.27205983016041146,,,4.75,,전철환,김대중,,
1999-03-04,0.7333033791496064,0.2666966208503936,,,4.75,,전철환,김대중,,
1999-04-08,0.8112130143652936,0.18878698563470642,,,4.75,,전철환,김대중,,
1999-05-06,0.7596411538638087,0.2403588461361913,4.75,,4.75,0.0,전철환,김대중,,
1999-06-03,0.7743674126005426,0.22563258739945735,4.75,0.0,4.75,0.0,전철환,김대중,,
1999-07-07,0.8326430199592569,0.16735698004074306,4.75,0.0,5.0,-0.25,전철환,김대중,,
1999-08-05,0.5168820790865603,0.48311792091343975,4.75,0.0,5.0,-0.25,전철환,김대중,,
1999-09-02,0.6902567927004225,0.3097432072995775,4.75,0.0,5.25,-0.5,전철환,김대중,,
1999-10-07,0.6913254756366196,0.3086745243633804,4.75,0.0,5.25,-0.5,전철환,김대중,,
1999-11-04,0.6555262225485459,0.34447377745145413,4.75,0.0,5.25,-0.5,전철환,김대중,,
1999-12-02,0.615823592279892,0.38417640772010797,4.75,0.0,5.5,-0.75,전철환,김대중,,
2000-01-06,0.5789794457332318,0.4210205542667682,4.75,0.0,5.5,-0.75,전철환,김대중,5.69900058556051,
2000-02-10,0.6207778257590783,0.37922217424092175,5.0,1.0,5.75,-0.75,전철환,김대중,5.69900058556051,
2000-03-09,0.7081007240773716,0.29189927592262843,5.0,0.0,5.75,-0.75,전철환,김대중,5.69900058556051,
2000-04-06,0.6933711412430795,0.3066288587569205,5.0,0.0,6.0,-1.0,전철환,김대중,3.57138028682417,
2000-05-04,0.7494176894454431,0.25058231055455693,5.0,0.0,6.0,-1.0,전철환,김대중,3.57138028682417,
2000-06-08,0.6608870202563424,0.3391129797436576,5.0,0.0,6.5,-1.5,전철환,김대중,3.57138028682417,
2000-07-06,0.5931710140017395,0.40682898599826045,5.0,0.0,6.5,-1.5,전철환,김대중,5.56987852920923,
2000-08-03,0.6943301163492741,0.3056698836507259,5.0,0.0,6.5,-1.5,전철환,김대중,5.56987852920923,
2000-09-07,0.5613849609228936,0.4386150390771064,5.0,0.0,6.5,-1.5,전철환,김대중,5.56987852920923,
2000-10-05,0.6464187055285009,0.3535812944714991,5.25,1.0,6.5,-1.25,전철환,김대중,3.44394977585347,
2000-11-09,0.5215962321562397,0.47840376784376026,5.25,0.0,6.5,-1.25,전철환,김대중,3.44394977585347,
2000-12-07,0.6953214127349112,0.3046785872650888,5.25,0.0,6.5,-1.25,전철환,김대중,3.44394977585347,
2001-01-11,0.8011832904165447,0.19881670958345532,5.25,0.0,6.0,-0.75,전철환,김대중,4.49053589461179,
2001-02-08,0.8150084055914578,0.18499159440854218,5.0,1.0,5.5,-0.5,전철환,김대중,4.49053589461179,
2001-03-08,0.7486955010120334,0.2513044989879666,5.0,0.0,5.5,-0.5,전철환,김대중,4.49053589461179,
2001-04-06,0.8053926329829098,0.19460736701709025,5.0,0.0,5.0,0.0,전철환,김대중,6.35234018240425,
2001-05-08,0.7685920438985262,0.2314079561014738,5.0,0.0,4.5,0.5,전철환,김대중,6.35234018240425,
2001-06-07,0.7157959558814824,0.28420404411851763,5.0,0.0,4.0,1.0,전철환,김대중,6.35234018240425,
2001-07-05,0.6801018216818299,0.31989817831817013,4.75,1.0,3.75,1.0,전철환,김대중,4.51251842920206,
2001-08-09,0.706326458801302,0.29367354119869804,4.5,1.0,3.75,0.75,전철환,김대중,4.51251842920206,
2001-09-06,0.7935074196365854,0.20649258036341456,4.5,0.0,3.5,1.0,전철환,김대중,4.51251842920206,
2001-10-11,0.6567360733292693,0.3432639266707307,4.0,1.0,2.5,1.5,전철환,김대중,4.32430173966941,
2001-11-08,0.5975660927641694,0.4024339072358306,4.0,0.0,2.0,2.0,전철환,김대중,4.32430173966941,
2001-12-06,0.7702237348984102,0.22977626510158977,4.0,0.0,2.0,2.0,전철환,김대중,4.32430173966941,
2002-01-10,0.7984629961704426,0.20153700382955742,4.0,0.0,1.75,2.25,전철환,김대중,3.85904039005371,
2002-02-07,0.8459782539008912,0.1540217460991088,4.0,0.0,1.75,2.25,전철환,김대중,3.85904039005371,
2002-03-07,0.75366892987913,0.24633107012086997,4.0,0.0,1.75,2.25,전철환,김대중,3.85904039005371,
2002-04-04,0.6844322768676776,0.3155677231323224,4.0,0.0,1.75,2.25,박승,김대중,4.31938134180924,
2002-05-07,0.6130628427012071,0.38693715729879286,4.25,1.0,1.75,2.5,박승,김대중,4.31938134180924,
2002-06-05,0.5543761940539798,0.44562380594602025,4.25,0.0,1.75,2.5,박승,김대중,4.31938134180924,
2002-07-04,0.6790848689309121,0.32091513106908787,4.25,0.0,1.75,2.5,박승,김대중,4.34586084728843,
2002-08-06,0.6441964306935337,0.3558035693064663,4.25,0.0,1.75,2.5,박승,김대중,4.34586084728843,
2002-09-12,0.5672505582864495,0.43274944171355045,4.25,0.0,1.75,2.5,박승,김대중,4.34586084728843,
2002-10-10,0.7208936729419171,0.2791063270580829,4.25,0.0,1.75,2.5,박승,김대중,5.40227474013467,8.81081392403009
2002-11-07,0.6311961350048882,0.36880386499511175,4.25,0.0,1.25,3.0,박승,김대중,5.40227474013467,8.81081392403009
2002-12-12,0.6291745300400663,0.3708254699599337,4.25,0.0,1.25,3.0,박승,김대중,5.40227474013467,8.81081392403009
2003-01-09,0.6787503316860098,0.32124966831399016,4.25,0.0,1.25,3.0,박승,김대중,4.83604724351091,7.68093254048615
2003-02-06,0.7393447962640998,0.26065520373590023,4.25,0.0,1.25,3.0,박승,김대중,4.83604724351091,7.68093254048615
2003-03-06,0.6128587351059219,0.3871412648940781,4.25,0.0,1.25,3.0,박승,노무현,4.83604724351091,7.68093254048615
2003-04-10,0.6162068933154772,0.3837931066845228,4.25,0.0,1.25,3.0,박승,노무현,2.85843106351198,5.59698328131626
2003-05-13,0.5401132365358702,0.4598867634641298,4.0,1.0,1.25,2.75,박승,노무현,2.85843106351198,5.59698328131626
2003-06-12,0.6923970100841507,0.30760298991584933,4.0,0.0,1.25,2.75,박승,노무현,2.85843106351198,5.59698328131626
2003-07-10,0.7298853653089671,0.2701146346910329,3.75,1.0,1.0,2.75,박승,노무현,2.58711396552075,4.14858472986948
2003-08-07,0.699694738862525,0.300305261137475,3.75,0.0,1.0,2.75,박승,노무현,2.58711396552075,4.14858472986948
2003-09-09,0.699106991745172,0.300893008254828,3.75,0.0,1.0,2.75,박승,노무현,2.58711396552075,4.14858472986948
2003-10-09,0.579639975253097,0.42036002474690304,3.75,0.0,1.0,2.75,박승,노무현,4.08472016298116,3.99931971032561
2003-11-06,0.6227667449090996,0.37723325509090044,3.75,0.0,1.0,2.75,박승,노무현,4.08472016298116,3.99931971032561
2003-12-11,0.7766228883697878,0.22337711163021223,3.75,0.0,1.0,2.75,박승,노무현,4.08472016298116,3.99931971032561
2004-01-08,0.792284880680292,0.20771511931970799,3.75,0.0,1.0,2.75,박승,노무현,4.55264861781875,2.46140537361337
2004-02-06,0.8027159910165967,0.19728400898340326,3.75,0.0,1.0,2.75,박승,노무현,4.55264861781875,2.46140537361337
2004-03-11,0.7907030007796111,0.2092969992203889,3.75,0.0,1.0,2.75,박승,노무현,4.55264861781875,2.46140537361337
2004-04-08,0.7976257872910857,0.20237421270891431,3.75,0.0,1.0,2.75,박승,노무현,5.2875741545758,2.3793965661598
2004-05-06,0.7688554431439069,0.23114455685609314,3.75,0.0,1.0,2.75,박승,노무현,5.2875741545758,2.3793965661598
2004-06-10,0.8724074017087504,0.12759259829124958,3.75,0.0,1.0,2.75,박승,노무현,5.2875741545758,2.3793965661598
2004-07-08,0.7027317788965315,0.2972682211034685,3.75,0.0,1.25,2.5,박승,노무현,5.91325300965864,2.98296057534583
2004-08-12,0.727273396745517,0.27272660325448295,3.5,1.0,1.5,2.0,박승,노무현,5.91325300965864,2.98296057534583
2004-09-09,0.6551060372318199,0.3448939627681801,3.5,0.0,1.5,2.0,박승,노무현,5.91325300965864,2.98296057534583
2004-10-07,0.7545466302442532,0.24545336975574683,3.5,0.0,1.75,1.75,박승,노무현,3.67343335011405,1.89513023328102
2004-11-11,0.7710006693460141,0.22899933065398592,3.25,1.0,2.0,1.25,박승,노무현,3.67343335011405,1.89513023328102
2004-12-09,0.6540492446990348,0.3459507553009652,3.25,0.0,2.0,1.25,박승,노무현,3.67343335011405,1.89513023328102
2005-01-13,0.8097533639902196,0.19024663600978042,3.25,0.0,2.25,1.0,박승,노무현,3.35553645525006,1.13950986359338
2005-02-15,0.9282935084748863,0.07170649152511366,3.25,0.0,2.5,0.75,박승,노무현,3.35553645525006,1.13950986359338
2005-03-10,0.8965326201900612,0.10346737980993881,3.25,0.0,2.5,0.75,박승,노무현,3.35553645525006,1.13950986359338
2005-04-07,0.8837788686981582,0.11622113130184175,3.25,0.0,2.75,0.5,박승,노무현,3.42549979855149,2.15761003514752
2005-05-12,0.9094904217048286,0.09050957829517137,3.25,0.0,3.0,0.25,박승,노무현,3.42549979855149,2.15761003514752
2005-06-09,0.8728948148850962,0.12710518511490376,3.25,0.0,3.0,0.25,박승,노무현,3.42549979855149,2.15761003514752
2005-07-07,0.9170700562532351,0.08292994374676488,3.25,0.0,3.25,0.0,박승,노무현,3.06031573621856,1.37647151547671
2005-08-11,0.9222660747548281,0.07773392524517186,3.25,0.0,3.5,-0.25,박승,노무현,3.06031573621856,1.37647151547671
2005-09-08,0.9034652232055224,0.09653477679447764,3.25,0.0,3.5,-0.25,박승,노무현,3.06031573621856,1.37647151547671
2005-10-11,0.8093568993506446,0.1906431006493554,3.5,1.0,3.75,-0.25,박승,노무현,3.40545160043784,2.31928937108261
2005-11-10,0.8825972925910623,0.11740270740893766,3.5,0.0,4.0,-0.5,박승,노무현,3.40545160043784,2.31928937108261
2005-12-08,0.8760843296022249,0.12391567039777507,3.75,1.0,4.0,-0.25,박승,노무현,3.40545160043784,2.31928937108261
2006-01-12,0.8728097266416355,0.12719027335836453,3.75,0.0,4.25,-0.5,박승,노무현,3.38785853590467,2.31721968489891
2006-02-09,0.9226755678150796,0.07732443218492036,4.0,1.0,4.5,-0.5,박승,노무현,3.38785853590467,2.31721968489891
2006-03-09,0.883484771239203,0.11651522876079701,4.0,0.0,4.5,-0.5,박승,노무현,3.38785853590467,2.31721968489891
2006-04-07,0.9400572198201602,0.05994278017983978,4.0,0.0,4.75,-0.75,이성태,노무현,2.92045725540123,3.61773018537196
2006-05-11,0.9245767916435739,0.07542320835642613,4.0,0.0,5.0,-1.0,이성태,노무현,2.92045725540123,3.61773018537196
2006-06-08,0.892363919068504,0.10763608093149601,4.25,1.0,5.0,-0.75,이성태,노무현,2.92045725540123,3.61773018537196
2006-07-07,0.8580645161290322,0.14193548387096777,4.25,0.0,5.25,-1.0,이성태,노무현,3.50001955291047,3.68856186162131
2006-08-10,0.8990657289983992,0.1009342710016008,4.5,1.0,5.25,-0.75,이성태,노무현,3.50001955291047,3.68856186162131
2006-09-07,0.8683871980401141,0.1316128019598859,4.5,0.0,5.25,-0.75,이성태,노무현,3.50001955291047,3.68856186162131
2006-10-12,0.860784254117622,0.13921574588237795,4.5,0.0,5.25,-0.75,이성태,노무현,2.82169140513982,4.75184616392881
2006-11-09,0.8892005896624683,0.11079941033753171,4.5,0.0,5.25,-0.75,이성태,노무현,2.82169140513982,4.75184616392881
2006-12-07,0.9339804754728085,0.06601952452719151,4.5,0.0,5.25,-0.75,이성태,노무현,2.82169140513982,4.75184616392881
2007-01-11,0.9057165830894253,0.09428341691057474,4.5,0.0,5.25,-0.75,이성태,노무현,2.71912228884675,3.05712819978505
2007-02-08,0.889431363187969,0.110568636812031,4.5,0.0,5.25,-0.75,이성태,노무현,2.71912228884675,3.05712819978505
2007-03-08,0.950167036231547,0.04983296376845303,4.5,0.0,5.25,-0.75,이성태,노무현,2.71912228884675,3.05712819978505
2007-04-12,0.897093679647613,0.102906320352387,4.5,0.0,5.25,-0.75,이성태,노무현,3.86889505248692,3.87256627939781
2007-05-10,0.9371431373147898,0.06285686268521018,4.5,0.0,5.25,-0.75,이성태,노무현,3.86889505248692,3.87256627939781
2007-06-08,0.9658123639026405,0.03418763609735953,4.5,0.0,5.25,-0.75,이성태,노무현,3.86889505248692,3.87256627939781
2007-07-12,0.7067534927402196,0.2932465072597804,4.75,1.0,5.25,-0.5,이성태,노무현,3.48535366150576,3.29151531497299
2007-08-09,0.8885371525786978,0.11146284742130219,5.0,1.0,5.25,-0.25,이성태,노무현,3.48535366150576,3.29151531497299
2007-09-07,0.8209374329020739,0.17906256709792612,5.0,0.0,5.25,-0.25,이성태,노무현,3.48535366150576,3.29151531497299
2007-10-11,0.8968035110921221,0.10319648890787791,5.0,0.0,4.75,0.25,이성태,노무현,5.73910527574526,5.24318025778969
2007-11-08,0.8994380267950336,0.1005619732049664,5.0,0.0,4.5,0.5,이성태,노무현,5.73910527574526,5.24318025778969
2007-12-07,0.9141681560867214,0.08583184391327858,5.0,0.0,4.5,0.5,이성태,노무현,5.73910527574526,5.24318025778969
2008-01-10,0.8927528753191772,0.10724712468082276,5.0,0.0,4.25,0.75,이성태,노무현,5.93529300974107,6.17025026442109
2008-02-13,0.865402395859759,0.13459760414024102,5.0,0.0,3.0,2.0,이성태,노무현,5.93529300974107,6.17025026442109
2008-03-07,0.8949111622441402,0.10508883775585975,5.0,0.0,3.0,2.0,이성태,이명박,5.93529300974107,6.17025026442109
2008-04-10,0.8359578358719445,0.1640421641280555,5.0,0.0,2.25,2.75,이성태,이명박,6.79887688604847,7.27103689219383
2008-05-08,0.9195928886986885,0.0804071113013115,5.0,0.0,2.0,3.0,이성태,이명박,6.79887688604847,7.27103689219383
2008-06-12,0.882522608121828,0.11747739187817197,5.0,0.0,2.0,3.0,이성태,이명박,6.79887688604847,7.27103689219383
2008-07-10,0.8896203789283669,0.11037962107163313,5.0,0.0,2.0,3.0,이성태,이명박,7.65588264678949,8.33829646098176
2008-08-07,0.8579746186785163,0.14202538132148368,5.25,1.0,2.0,3.25,이성태,이명박,7.65588264678949,8.33829646098176
2008-09-11,0.8323591239042439,0.16764087609575606,5.25,0.0,2.0,3.25,이성태,이명박,7.65588264678949,8.33829646098176
2008-10-09,0.7821341248535223,0.2178658751464777,5.0,1.0,1.5,3.5,이성태,이명박,3.34757793688905,7.60582062275523
2008-11-07,0.8212630929949859,0.1787369070050141,4.0,1.0,1.0,3.0,이성태,이명박,3.34757793688905,7.60582062275523
2008-12-11,0.8536867506397614,0.1463132493602386,3.0,1.0,1.0,2.0,이성태,이명박,3.34757793688905,7.60582062275523
2009-01-10,0.8509814473689763,0.1490185526310237,2.5,1.0,0.125,2.375,이성태,이명박,2.47425081480661,5.41941845431967
2009-02-12,0.9190565203790857,0.0809434796209143,2.0,1.0,0.125,1.875,이성태,이명박,2.47425081480661,5.41941845431967
2009-03-12,0.787134531807925,0.21286546819207497,2.0,0.0,0.125,1.875,이성태,이명박,2.47425081480661,5.41941845431967
2009-04-09,0.9093747854401036,0.09062521455989636,2.0,0.0,0.125,1.875,이성태,이명박,1.14835900480601,3.17148698219292
2009-05-12,0.8718182675191009,0.12818173248089915,2.0,0.0,0.125,1.875,이성태,이명박,1.14835900480601,3.17148698219292
2009-06-11,0.8378488273929731,0.16215117260702694,2.0,0.0,0.125,1.875,이성태,이명박,1.14835900480601,3.17148698219292
2009-07-09,0.9191339377605664,0.0808660622394336,2.0,0.0,0.125,1.875,이성태,이명박,1.05698779726629,1.85262671507616
2009-08-11,0.9032093340083742,0.09679066599162578,2.0,0.0,0.125,1.875,이성태,이명박,1.05698779726629,1.85262671507616
2009-09-10,0.8893006229416329,0.11069937705836708,2.0,0.0,0.125,1.875,이성태,이명박,1.05698779726629,1.85262671507616
2009-10-09,0.8812799848882906,0.11872001511170938,2.0,0.0,0.125,1.875,이성태,이명박,3.75773163367145,5.03765913293172
2009-11-12,0.8820671125518097,0.1179328874481903,2.0,0.0,0.125,1.875,이성태,이명박,3.75773163367145,5.03765913293172
2009-12-10,0.8771639946737508,0.12283600532624916,2.0,0.0,0.125,1.875,이성태,이명박,3.75773163367145,5.03765913293172
2010-01-08,0.8169040030820053,0.18309599691799472,2.0,0.0,0.125,1.875,이성태,이명박,5.63017532217385,4.2356657569964
2010-02-11,0.8388339974871527,0.1611660025128473,2.0,0.0,0.125,1.875,이성태,이명박,5.63017532217385,4.2356657569964
2010-03-11,0.9006675890021312,0.09933241099786883,2.0,0.0,0.125,1.875,이성태,이명박,5.63017532217385,4.2356657569964
2010-04-09,0.8325305542879847,0.16746944571201527,2.0,0.0,0.125,1.875,김중수,이명박,5.4115390530117,3.10054952422931
2010-05-12,0.9094304655568108,0.09056953444318916,2.0,0.0,0.125,1.875,김중수,이명박,5.4115390530117,3.10054952422931
2010-06-10,0.8805593353058225,0.11944066469417747,2.0,0.0,0.125,1.875,김중수,이명박,5.4115390530117,3.10054952422931
2010-07-09,0.8741659957234847,0.12583400427651525,2.25,1.0,0.125,2.125,김중수,이명박,4.75235137508667,2.96860209770873
2010-08-12,0.9532270463419178,0.046772953658082206,2.25,0.0,0.125,2.125,김중수,이명박,4.75235137508667,2.96860209770873
2010-09-09,0.944371580123455,0.05562841987654499,2.25,0.0,0.125,2.125,김중수,이명박,4.75235137508667,2.96860209770873
2010-10-14,0.9060781534448752,0.09392184655512481,2.25,0.0,0.125,2.125,김중수,이명박,5.56354941790087,4.49844981650087
2010-11-16,0.930480931323129,0.06951906867687097,2.5,1.0,0.125,2.375,김중수,이명박,5.56354941790087,4.49844981650087
2010-12-09,0.9246169542353034,0.07538304576469657,2.5,0.0,0.125,2.375,김중수,이명박,5.56354941790087,4.49844981650087
2011-01-13,0.9087998966476397,0.09120010335236028,2.75,1.0,0.125,2.625,김중수,이명박,6.02151972165597,5.39692299700766
2011-02-11,0.9416643180482631,0.058335681951736884,2.75,0.0,0.125,2.625,김중수,이명박,6.02151972165597,5.39692299700766
2011-03-10,0.908833873965193,0.091166126034807,3.0,1.0,0.125,2.875,김중수,이명박,6.02151972165597,5.39692299700766
2011-04-12,0.9381533934024096,0.06184660659759045,3.0,0.0,0.125,2.875,김중수,이명박,5.480519541988,6.02474172370556
2011-05-13,0.9468096040434665,0.05319039595653352,3.0,0.0,0.125,2.875,김중수,이명박,5.480519541988,6.02474172370556
2011-06-10,0.9010029293855474,0.09899707061445262,3.25,1.0,0.125,3.125,김중수,이명박,5.480519541988,6.02474172370556
2011-07-14,0.9030709788366725,0.09692902116332747,3.25,0.0,0.125,3.125,김중수,이명박,5.62974557506059,6.06847548376334
2011-08-11,0.9302007559928321,0.06979924400716786,3.25,0.0,0.125,3.125,김중수,이명박,5.62974557506059,6.06847548376334
2011-09-08,0.9171413723583016,0.08285862764169838,3.25,0.0,0.125,3.125,김중수,이명박,5.62974557506059,6.06847548376334
2011-10-13,0.9356283507235221,0.06437164927647787,3.25,0.0,0.125,3.125,김중수,이명박,4.90760703956711,5.71747207578436
2011-12-08,0.9298694125268248,0.07013058747317524,3.25,0.0,0.125,3.125,김중수,이명박,4.90760703956711,5.71747207578436
2012-01-13,0.9307699727295227,0.06923002727047733,3.25,0.0,0.125,3.125,김중수,이명박,3.44111541424959,3.51322184548851
2012-02-09,0.9275999150757233,0.07240008492427674,3.25,0.0,0.125,3.125,김중수,이명박,3.44111541424959,3.51322184548851
2012-03-08,0.9607114250347051,0.03928857496529492,3.25,0.0,0.125,3.125,김중수,이명박,3.44111541424959,3.51322184548851
2012-04-13,0.9358156570842041,0.06418434291579589,3.25,0.0,0.125,3.125,김중수,이명박,2.64140449667843,3.25586547046314
2012-05-10,0.9470693087127294,0.05293069128727057,3.25,0.0,0.125,3.125,김중수,이명박,2.64140449667843,3.25586547046314
2012-06-08,0.9206788445151453,0.07932115548485474,3.25,0.0,0.125,3.125,김중수,이명박,2.64140449667843,3.25586547046314
2012-07-12,0.8765808613553404,0.12341913864465959,3.0,1.0,0.125,2.875,김중수,이명박,1.41669063395639,2.33069991045466
2012-08-09,0.9012155738083577,0.0987844261916423,3.0,0.0,0.125,2.875,김중수,이명박,1.41669063395639,2.33069991045466
2012-09-13,0.9084802214483371,0.09151977855166293,3.0,0.0,0.125,2.875,김중수,이명박,1.41669063395639,2.33069991045466
2012-10-11,0.963454018781305,0.03654598121869501,2.75,1.0,0.125,2.625,김중수,이명박,1.68170047616364,3.08716286163165
2012-11-09,0.924644736779269,0.07535526322073105,2.75,0.0,0.125,2.625,김중수,이명박,1.68170047616364,3.08716286163165
2012-12-13,0.9264499388811495,0.07355006111885054,2.75,0.0,0.125,2.625,김중수,이명박,1.68170047616364,3.08716286163165
2013-01-11,0.9362596309172009,0.06374036908279912,2.75,0.0,0.125,2.625,김중수,이명박,1.61102378144695,1.56916355800077
2013-02-14,0.9292528182823402,0.07074718171765981,2.75,0.0,0.125,2.625,김중수,이명박,1.61102378144695,1.56916355800077
2013-03-14,0.9344050708968373,0.06559492910316267,2.75,0.0,0.125,2.625,김중수,박근혜,1.61102378144695,1.56916355800077
2013-04-11,0.9278894819581031,0.07211051804189694,2.75,0.0,0.125,2.625,김중수,박근혜,1.42906932276045,1.17065971723526
2013-05-09,0.8605306407037613,0.13946935929623872,2.5,1.0,0.125,2.375,김중수,박근혜,1.42906932276045,1.17065971723526
2013-06-13,0.85391156233923,0.14608843766076995,2.5,0.0,0.125,2.375,김중수,박근혜,1.42906932276045,1.17065971723526
2013-07-11,0.9160061201769018,0.08399387982309825,2.5,0.0,0.125,2.375,김중수,박근혜,1.94280000293353,1.18779032414481
2013-08-08,0.9284252346426407,0.0715747653573593,2.5,0.0,0.125,2.375,김중수,박근혜,1.94280000293353,1.18779032414481
2013-09-12,0.8989595236466662,0.1010404763533338,2.5,0.0,0.125,2.375,김중수,박근혜,1.94280000293353,1.18779032414481
2013-10-10,0.9385657207453315,0.06143427925466849,2.5,0.0,0.125,2.375,김중수,박근혜,1.70139826832948,1.57294865623464
2013-11-14,0.9308635321797191,0.06913646782028093,2.5,0.0,0.125,2.375,김중수,박근혜,1.70139826832948,1.57294865623464
2013-12-12,0.9448042666921778,0.05519573330782224,2.5,0.0,0.125,2.375,김중수,박근혜,1.70139826832948,1.57294865623464
2014-01-09,0.9190162434042535,0.08098375659574653,2.5,0.0,0.125,2.375,김중수,박근혜,1.74832132293324,0.134564758252044
2014-02-13,0.9281224850658094,0.07187751493419059,2.5,0.0,0.125,2.375,김중수,박근혜,1.74832132293324,0.134564758252044
2014-03-13,0.9491542174130765,0.050845782586923516,2.5,0.0,0.125,2.375,김중수,박근혜,1.74832132293324,0.134564758252044
2014-04-10,0.9600641385345016,0.039935861465498435,2.5,0.0,0.125,2.375,이주열,박근혜,2.31951392913192,0.901263952893459
2014-05-09,0.9610902088069364,0.03890979119306359,2.5,0.0,0.125,2.375,이주열,박근혜,2.31951392913192,0.901263952893459
2014-06-12,0.947953632538968,0.05204636746103197,2.5,0.0,0.125,2.375,이주열,박근혜,2.31951392913192,0.901263952893459
2014-07-10,0.9582024734276536,0.041797526572346366,2.5,0.0,0.125,2.375,이주열,박근혜,1.81162682652648,1.0181855042224
2014-08-14,0.9187969893698456,0.08120301063015445,2.25,1.0,0.125,2.125,이주열,박근혜,1.81162682652648,1.0181855042224
2014-09-12,0.9573607265713869,0.04263927342861307,2.25,0.0,0.125,2.125,이주열,박근혜,1.81162682652648,1.0181855042224
2014-10-15,0.8969006986586602,0.10309930134133982,2.0,1.0,0.125,1.875,이주열,박근혜,1.00804387387841,0.539434679183183
2014-11-13,0.9143048472328501,0.0856951527671499,2.0,0.0,0.125,1.875,이주열,박근혜,1.00804387387841,0.539434679183183
2014-12-11,0.9516752617565862,0.04832473824341377,2.0,0.0,0.125,1.875,이주열,박근혜,1.00804387387841,0.539434679183183
2015-01-15,0.907972395493017,0.092027604506983,2.0,0.0,0.125,1.875,이주열,박근혜,0.523689330856967,-2.06403210940657
2015-02-17,0.9385023211607885,0.061497678839211534,2.0,0.0,0.125,1.875,이주열,박근혜,0.523689330856967,-2.06403210940657
2015-03-12,0.9493921534569203,0.050607846543079704,1.75,1.0,0.125,1.625,이주열,박근혜,0.523689330856967,-2.06403210940657
2015-04-09,0.9469112425654017,0.05308875743459829,1.75,0.0,0.125,1.625,이주열,박근혜,0.100692223124706,-1.25364512287022
2015-05-15,0.9478833446128605,0.0521166553871395,1.75,0.0,0.125,1.625,이주열,박근혜,0.100692223124706,-1.25364512287022
2015-06-11,0.916982264873748,0.08301773512625199,1.5,1.0,0.125,1.375,이주열,박근혜,0.100692223124706,-1.25364512287022
2015-07-09,0.9392784414620317,0.060721558537968345,1.5,0.0,0.125,1.375,이주열,박근혜,0.907437673465032,-0.171818501710852
2015-08-13,0.9350495502745242,0.06495044972547581,1.5,0.0,0.125,1.375,이주열,박근혜,0.907437673465032,-0.171818501710852
2015-09-11,0.9407103859301122,0.05928961406988775,1.5,0.0,0.125,1.375,이주열,박근혜,0.907437673465032,-0.171818501710852
2015-10-15,0.9589760882642384,0.04102391173576159,1.5,0.0,0.125,1.375,이주열,박근혜,1.3741716087611,1.43106863128171
2015-11-12,0.9677828554677227,0.03221714453227731,1.5,0.0,0.125,1.375,이주열,박근혜,1.3741716087611,1.43106863128171
2015-12-10,0.9766007072683491,0.023399292731650867,1.5,0.0,0.125,1.375,이주열,박근혜,1.3741716087611,1.43106863128171
2016-01-14,0.9429402016031317,0.057059798396868255,1.5,0.0,0.375,1.125,이주열,박근혜,1.24777007391388,0.251147201749998
2016-02-16,0.942775629201839,0.057224370798161006,1.5,0.0,0.375,1.125,이주열,박근혜,1.24777007391388,0.251147201749998
2016-03-10,0.9612019680173846,0.038798031982615444,1.5,0.0,0.375,1.125,이주열,박근혜,1.24777007391388,0.251147201749998
2016-04-19,0.9375422629958527,0.06245773700414725,1.5,0.0,0.375,1.125,이주열,박근혜,1.63554392662021,0.872340501495075
2016-05-13,0.9448820009528138,0.05511799904718617,1.5,0.0,0.375,1.125,이주열,박근혜,1.63554392662021,0.872340501495075
2016-06-09,0.9155060013023416,0.08449399869765839,1.25,1.0,0.375,0.875,이주열,박근혜,1.63554392662021,0.872340501495075
2016-07-14,0.9407599261999521,0.05924007380004792,1.25,0.0,0.375,0.875,이주열,박근혜,1.08466384070184,2.35041696554016
2016-08-11,0.9606378979552641,0.03936210204473589,1.25,0.0,0.375,0.875,이주열,박근혜,1.08466384070184,2.35041696554016
2016-09-09,0.9571343698721193,0.042865630127880694,1.25,0.0,0.375,0.875,이주열,박근혜,1.08466384070184,2.35041696554016
2016-10-13,0.9572389607694592,0.042761039230540754,1.25,0.0,0.375,0.875,이주열,박근혜,2.05510803098249,4.00730825136743
2016-11-11,0.9371395201158692,0.0628604798841308,1.25,0.0,0.375,0.875,이주열,박근혜,2.05510803098249,4.00730825136743
2016-12-15,0.9352678571428571,0.0647321428571429,1.25,0.0,0.625,0.625,이주열,박근혜,2.05510803098249,4.00730825136743
2017-01-13,0.821469297287904,0.17853070271209603,1.25,0.0,0.625,0.625,이주열,박근혜,3.44973381810469,3.69988066223421
2017-02-23,0.9228548413500972,0.07714515864990279,1.25,0.0,0.625,0.625,이주열,박근혜,3.44973381810469,3.69988066223421
2017-04-13,0.958168182763433,0.04183181723656704,1.25,0.0,0.875,0.375,이주열,박근혜,2.88343284356499,3.54120049267683
2017-05-25,0.9572139408643191,0.0427860591356809,1.25,0.0,0.875,0.375,이주열,문재인,2.88343284356499,3.54120049267683
2017-07-13,0.9334294264600568,0.06657057353994322,1.25,0.0,1.125,0.125,이주열,문재인,3.89902279806393,2.78729522440487
2017-08-31,0.9488947269572351,0.05110527304276491,1.25,0.0,1.125,0.125,이주열,문재인,3.89902279806393,2.78729522440487
2017-10-19,0.9398055657143709,0.060194434285629095,1.25,0.0,1.125,0.125,이주열,문재인,2.28963874174753,3.45044001437938
2017-11-30,0.9559835760520049,0.0440164239479951,1.5,1.0,1.125,0.375,이주열,문재인,2.28963874174753,3.45044001437938
2018-01-18,0.9563192395072507,0.04368076049274927,1.5,0.0,1.375,0.125,이주열,문재인,1.79832119735244,2.23736028831893
2018-02-27,0.9542956060463258,0.045704393953674205,1.5,0.0,1.375,0.125,이주열,문재인,1.79832119735244,2.23736028831893
2018-04-12,0.9522798029032518,0.04772019709674824,1.5,0.0,1.625,-0.125,이주열,문재인,2.50315603292732,2.68995509317113
2018-05-24,0.9424681814365241,0.05753181856347589,1.5,0.0,1.625,-0.125,이주열,문재인,2.50315603292732,2.68995509317113
2018-07-12,0.9475726885312086,0.05242731146879143,1.5,0.0,1.875,-0.375,이주열,문재인,2.29362215689274,1.75383455171863
2018-08-31,0.9547470315410475,0.04525296845895255,1.5,0.0,1.875,-0.375,이주열,문재인,2.29362215689274,1.75383455171863
2018-10-18,0.9488805778972212,0.051119422102778755,1.5,0.0,2.125,-0.625,이주열,문재인,3.08725727279166,3.17469902895334
2018-11-30,0.9521473550202396,0.047852644979760384,1.75,1.0,2.125,-0.375,이주열,문재인,3.08725727279166,3.17469902895334
2019-01-24,0.9346532753182056,0.06534672468179437,1.75,0.0,2.375,-0.625,이주열,문재인,0.591670253056199,1.11676619468466
2019-02-28,0.9538279136120463,0.04617208638795367,1.75,0.0,2.375,-0.625,이주열,문재인,0.591670253056199,1.11676619468466
2019-04-18,0.9369928131301808,0.06300718686981921,1.75,0.0,2.375,-0.625,이주열,문재인,0.988627488083663,0.524516144751083
2019-05-31,0.9479597117059839,0.05204028829401608,1.75,0.0,2.375,-0.625,이주열,문재인,0.988627488083663,0.524516144751083
2019-07-18,0.9335236673181824,0.06647633268181763,1.5,1.0,2.375,-0.875,이주열,문재인,0.030673443236719,-0.438997243462816
2019-08-30,0.925922534706788,0.07407746529321202,1.5,0.0,2.125,-0.625,이주열,문재인,0.030673443236719,-0.438997243462816
2019-10-16,0.9539457341210211,0.04605426587897887,1.25,1.0,1.875,-0.625,이주열,문재인,0.683298650879581,0.164350941560603
2019-11-29,0.9387105969489572,0.0612894030510428,1.25,0.0,1.625,-0.375,이주열,문재인,0.683298650879581,0.164350941560603
2020-01-17,0.936292274519188,0.06370772548081205,1.25,0.0,1.625,-0.375,이주열,문재인,1.08985018547102,2.08599244249195
2020-02-27,0.9035475530650776,0.09645244693492239,1.25,0.0,1.625,-0.375,이주열,문재인,1.08985018547102,2.08599244249195
2020-03-16,0.6039670896881718,0.3960329103118282,1.25,0.0,0.125,1.125,이주열,문재인,1.08985018547102,2.08599244249195
2020-04-09,0.7072397013501424,0.29276029864985764,0.75,1.0,0.125,0.625,이주열,문재인,-2.33705025922732,1.53220058679008
2020-05-28,0.8753665435978651,0.12463345640213486,0.5,1.0,0.125,0.375,이주열,문재인,-2.33705025922732,1.53220058679008
2020-07-16,0.8894624478633358,0.11053755213666416,0.5,0.0,0.125,0.375,이주열,문재인,-0.406518568932268,2.13528703392619
2020-08-27,0.9352240272537035,0.06477597274629654,0.5,0.0,0.125,0.375,이주열,문재인,-0.406518568932268,2.13528703392619
2020-10-14,0.9483498794698959,0.05165012053010409,0.5,0.0,0.125,0.375,이주열,문재인,-0.757488244842028,2.72076349440971
2020-11-26,0.932889485751199,0.06711051424880099,0.5,0.0,0.125,0.375,이주열,문재인,-0.757488244842028,2.72076349440971
2021-01-15,0.9390694680101953,0.06093053198980469,0.5,0.0,0.125,0.375,이주열,문재인,2.2313038759504,4.44163399844653
2021-02-25,0.9375195680971947,0.06248043190280528,0.5,0.0,0.125,0.375,이주열,문재인,2.2313038759504,4.44163399844653
2021-04-15,0.938317438726292,0.06168256127370797,0.5,0.0,0.125,0.375,이주열,문재인,5.70473789354307,6.8875744838184
2021-05-27,0.9247445295557053,0.0752554704442947,0.5,0.0,0.125,0.375,이주열,문재인,5.70473789354307,6.8875744838184
2021-07-15,0.924670592357127,0.07532940764287299,0.5,0.0,0.125,0.375,이주열,문재인,4.6810668376956,6.41227854921306
2021-08-26,0.925859441963147,0.07414055803685304,0.75,1.0,0.125,0.625,이주열,문재인,4.6810668376956,6.41227854921306
2021-10-12,0.9490012006677067,0.05099879933229334,0.75,0.0,0.125,0.625,이주열,문재인,6.19503127944875,6.67182895532416
2021-11-25,0.933778970316562,0.06622102968343802,1.0,1.0,0.125,0.875,이주열,문재인,6.19503127944875,6.67182895532416
2022-01-14,0.8705579759814497,0.12944202401855032,1.25,1.0,0.125,1.125,이주열,문재인,5.97850561189209,5.62329455627545
2022-02-24,0.9038461538461539,0.09615384615384615,1.25,0.0,0.125,1.125,이주열,문재인,5.97850561189209,5.62329455627545
2022-04-14,0.9344119613534354,0.0655880386465646,1.5,1.0,0.375,1.125,이창용,문재인,8.2004524203121,5.9787937364999
2022-05-26,0.9407405312878016,0.05925946871219845,1.75,1.0,0.875,0.875,이창용,윤석열,8.2004524203121,5.9787937364999
2022-07-13,0.9131131053386753,0.08688689466132471,2.25,1.0,1.625,0.625,이창용,윤석열,8.96833087975788,7.04621630086066
2022-08-25,0.8962150769782102,0.10378492302178977,2.5,1.0,2.375,0.125,이창용,윤석열,8.96833087975788,7.04621630086066
2022-10-12,0.9074113963661249,0.09258860363387511,3.0,1.0,3.125,-0.125,이창용,윤석열,7.22583150184763,4.91410191882539
2022-11-24,0.9171859002701849,0.08281409972981513,3.25,1.0,3.875,-0.625,이창용,윤석열,7.22583150184763,4.91410191882539
2023-01-13,0.9280069049183556,0.07199309508164442,3.5,1.0,4.375,-0.875,이창용,윤석열,6.25015009828916,1.87961638275402
2023-02-23,0.9263933824788453,0.07360661752115472,3.5,0.0,4.625,-1.125,이창용,윤석열,6.25015009828916,1.87961638275402
2023-04-11,0.9171567972232384,0.0828432027767616,3.5,0.0,4.875,-1.375,이창용,윤석열,6.25015009828916,1.87961638275402
2023-05-25,0.9165109165426204,0.0834890834573796,3.5,0.0,5.125,-1.625,이창용,윤석열,6.25015009828916,1.87961638275402
